track_id,title,community_id,undirected_degree
62b3803a5924112af0f4b22c,Sandhya,recommendation_community_001,2
62b3803a592411ff49f4b2d7,Serene Calm,recommendation_community_052,1
62b3803b592411159ff4b405,Lavender Blooms,recommendation_community_053,1
62b3803b5924117103f4b36b,Ellipsis,recommendation_community_041,1
62b3803c592411751cf4b569,Prana,recommendation_community_011,2
62b3803c592411a4b0f4b4ac,Full of Purpose,recommendation_community_004,1
62b3803d592411f474f4b5c8,Jet Stream,recommendation_community_054,1
62b3803e5924117adcf4b690,Into the Breach,recommendation_community_014,1
62b3803e592411c281f4b6f1,Lightsail,recommendation_community_004,2
62b380575924113b6ef4b76c,Country Hills,recommendation_community_015,1
62b380585924116bdaf4b821,Reverie,recommendation_community_055,1
62b3805959241112eff4b970,Separation,recommendation_community_042,5
62b3805a592411eefcf4ba1f,Maps,recommendation_community_016,1
62b3805c5924112030f4bc07,Hero's Theory,recommendation_community_015,1
62b3805c592411392cf4bc68,Obsidian,recommendation_community_017,1
62b3805d592411114ef4bd5d,Atma,recommendation_community_010,1
62b3805e5924117a3ef4bde7,Calm Awakening,recommendation_community_002,1
62b380615924117ca4f4c091,Kaleidoscope,recommendation_community_018,1
62b3806459241103eaf4c242,Silent Mindfulness,recommendation_community_002,2
62b38064592411e185f4c261,Supernova Eclipse,recommendation_community_001,2
62b380655924116930f4c348,Cloud Land,recommendation_community_019,1
62b380665924113d56f4c3e6,Centered,recommendation_community_053,5
62b38066592411673af4c405,Intrepid,recommendation_community_020,1
62b3806d5924117c03f4c81d,Jade Ocean,recommendation_community_005,2
62b3806f592411d581f4c91c,Raindrops,recommendation_community_021,1
62b380715924114a66f4c9ef,Stone River,recommendation_community_006,2
62b38071592411dc30f4c9d6,Dreams,recommendation_community_002,2
62b380725924110dc7f4ca5a,Endless Sands,recommendation_community_001,1
62b380725924111aaef4ca3b,Clear Mind,recommendation_community_001,2
62b38082592411844df4cbee,Lattice,recommendation_community_002,1
62b3808259241190abf4cbc7,The Hollows,recommendation_community_006,1
62b38083592411bbc1f4cc51,Summer Sky,recommendation_community_001,2
62b3808859241100cbf4ce5b,Misty Jungle,recommendation_community_007,1
62b3808b59241119aef4cf8f,Hot Water,recommendation_community_022,1
62b3808b592411791bf4cfae,Air Currents,recommendation_community_004,3
62b380dc59241165d1f4d1dd,Falling Drops,recommendation_community_007,1
62b380dd592411742ff4d1fe,Days Ahead,recommendation_community_043,1
62b380de5924114e9bf4d2b9,Ships in the Night,recommendation_community_023,1
62b380e35924110aa7f4d4ca,Self Trust,recommendation_community_003,6
62b380e3592411653ff4d4a9,Creativity,recommendation_community_003,6
62b380e5592411f74af4d573,Green Fields,recommendation_community_021,1
62b380ea5924112626f4d6e7,Mapping the Ocean,recommendation_community_014,1
62b380ea5924113b77f4d731,Above the Clouds,recommendation_community_044,1
62b380eb592411fb6df4d775,Before Dawn,recommendation_community_007,1
62b380ee5924113a92f4d87f,Tilted Lense,recommendation_community_045,1
62b380f059241158a2f4d928,Drifting to Dreams,recommendation_community_055,1
62b380f1592411ad18f4d976,Distant Skies,recommendation_community_001,2
62b380fa5924112b46f4dc1c,Wildnerness Edge,recommendation_community_007,1
62b380fd5924116bb5f4dd43,Mirage,recommendation_community_003,1
62b381025924117390f4de8d,Spacewalk,recommendation_community_024,1
62b381095924113fd9f4e0ed,Drifting Off,recommendation_community_002,1
62b3810a592411a980f4e131,Canopy Dreams,recommendation_community_002,2
62b3810b5924111f1ef4e196,Amber Wave,recommendation_community_003,1
62b3810c592411be0cf4e1b5,Morning Mist,recommendation_community_001,2
62b3811559241107c9f4e3e3,Journey by Moonlight,recommendation_community_006,1
62b381155924117089f4e3c4,Sangha,recommendation_community_004,1
62b3811659241120cef4e414,Full Force,recommendation_community_007,1
62b3811e5924117d77f4e61a,Bent Inertia,recommendation_community_025,1
62b3811f5924118567f4e69d,Echoes of Antiquity,recommendation_community_001,1
62b381225924116867f4e721,Auras,recommendation_community_003,2
62b3812859241118e4f4e89a,The Trees,recommendation_community_026,1
62b3812c5924118b79f4e989,Mandala,recommendation_community_056,3
62b3813259241158abf4eb02,Return to Now,recommendation_community_003,5
62b3840b59241178fdf4fa87,High Tide,recommendation_community_001,2
62b3840c5924112748f4facd,Cloud Blossom,recommendation_community_002,1
62b3840d592411842bf4fb11,Closed Eyes,recommendation_community_004,2
62b3840e59241120e2f4fb2e,Opening Doors,recommendation_community_004,2
62b3840e5924114e2cf4fb4b,Floating on Dreams,recommendation_community_002,5
62b384125924115e57f4fc65,Peaceful Vision,recommendation_community_001,2
62b384135924118807f4fc84,Forward,recommendation_community_004,1
62b38414592411431ef4fcd9,Schubert Piano Collection,recommendation_community_027,1
62b3841559241180d7f4fd17,Beacons of Time,recommendation_community_057,3
62b3841959241166fdf4fe10,Midnight Mist,recommendation_community_007,1
62b3841e5924118b19f4fefd,Access Granted,recommendation_community_046,1
62b3841f592411e1bbf4ff22,Along the Coast,recommendation_community_055,1
62b3842159241134f2f4ffa8,Stepping Stones,recommendation_community_003,1
62b38425592411c732f5004d,Peaceful Slumber,recommendation_community_045,1
62b3842b5924112756f50168,Fault Lines,recommendation_community_047,1
62b3842f5924112ec6f50273,Astral Bodies,recommendation_community_004,1
62b384315924110d60f502ce,Blue Moon,recommendation_community_002,1
62b384345924110c9cf50388,Introspection,recommendation_community_010,6
62b38434592411347df5036f,Galaxy Drift,recommendation_community_048,1
62b384385924117384f5043c,Drifting Away,recommendation_community_005,1
62b3843a5924110275f5049f,Fortune Teller,recommendation_community_012,3
62b3843b5924111a2ef504c0,Signal Flux,recommendation_community_022,1
62b3843d5924113f28f50556,Soliloquy,recommendation_community_005,1
62b3843f59241168f6f5059c,Coral Forest,recommendation_community_007,1
62b384445924116aa5f506ae,Embody Peace,recommendation_community_001,1
62b3875c5924114887f515c8,Line of the Skies,recommendation_community_001,3
62b3875d5924115e7af5160a,Mystic Morning,recommendation_community_004,3
62b3875f5924111072f51677,We Have Liftoff,recommendation_community_014,1
62b38760592411223bf516a8,Gently Floating,recommendation_community_002,2
62b38763592411b34ff5173e,Prairie Wind,recommendation_community_004,1
62b387715924116a90f51a25,Travels,recommendation_community_021,1
62b3877b592411241bf51bda,Phantasmagoria,recommendation_community_005,1
62b387a4592411e33df51c80,Hopeful Horizon,recommendation_community_005,1
62b387aa5924111a10f51d6b,Zazen,recommendation_community_004,2
62b387b759241129aef51fcc,Serenity Island,recommendation_community_013,2
62b387bd592411537ff520e4,Autumn Stars,recommendation_community_028,1
62b387c85924116b95f5229f,Hephaestos,recommendation_community_002,1
62b38896592411463af5238d,Star Power,recommendation_community_012,1
62b38899592411a19cf523ea,In Plain Air,recommendation_community_005,1
62b3889e592411b76ff524ac,Leviathan,recommendation_community_029,1
62b388ae5924113485f526fa,Star Nursery,recommendation_community_058,2
62b388b85924110c5bf5285f,Space Dust,recommendation_community_053,1
62b388ba592411823cf5289b,Whispering Tranquility,recommendation_community_053,2
62b388bc5924111d12f52908,Lifted Up,recommendation_community_022,2
62b388d15924114070f52a00,Idyllic Rest,recommendation_community_011,2
62b388d25924111a0bf52a1f,The Pines,recommendation_community_047,1
62b388d75924115676f52af2,Cepheus,recommendation_community_059,1
62b388d9592411a447f52b51,Happy Swim,recommendation_community_004,2
62b388e55924115f3df52d4b,Monolith,recommendation_community_059,1
62b3893d5924110e2df5306e,Detense Relaxation,recommendation_community_003,5
62b3893f5924110640f530ac,Fine Lines,recommendation_community_016,1
62b38943592411a351f5317a,Quiet Moments,recommendation_community_001,1
62b38945592411755ef531c6,Dawn Chorus,recommendation_community_004,2
62b3894d59241190c7f532f7,Free Floating,recommendation_community_001,1
62b38954592411b43cf533d2,Tandra,recommendation_community_001,4
62b389565924115214f53410,Full Moon,recommendation_community_047,1
62b389655924114c12f5360b,Resilience,recommendation_community_002,6
62b389ce59241156e0f5370d,Shapes and Lines,recommendation_community_005,1
62b389d75924115ff7f5383c,Focused Breath,recommendation_community_003,7
62b389d85924119b4af5385b,Gold Ground,recommendation_community_030,1
62b389e959241137c2f53a39,Light Steps,recommendation_community_055,6
62b389ec592411262af53a98,Lunar Illuminations,recommendation_community_003,1
62b389f0592411f2a0f53b41,Begin Anew,recommendation_community_002,2
62b389f85924119a45f53c30,Inner Space,recommendation_community_003,2
62b38a20592411b508f53fa8,Tune in to Breath,recommendation_community_002,8
62b38a255924118312f54030,Breathing Meditation,recommendation_community_003,7
62b38a2c5924112b16f54129,Freestyle Flow,recommendation_community_031,1
62b38a3259241166aef541d4,Blue Marble,recommendation_community_005,2
62b38a35592411b6e7f5425a,Natural Flow,recommendation_community_004,6
62b38a3b5924119c32f542fb,Gravel Roads,recommendation_community_032,1
62b38a6e592411e37cf543ca,Dusk Horizon,recommendation_community_032,1
62b38a77592411bf86f544cc,Baroque Medley,recommendation_community_033,1
62b38a7b592411e9d5f5456d,Hourglass,recommendation_community_034,1
62b38a7f592411634ff545ff,Zendo,recommendation_community_001,2
62b38a855924119b80f546cb,Solar Mist,recommendation_community_017,1
62b38a915924113388f547f8,Rain Reflection,recommendation_community_057,6
62b38a945924115670f54857,Cosmic Rays,recommendation_community_048,1
62b38a965924114d9cf5488f,Through the Mist,recommendation_community_035,1
62b38a97592411e39ef548aa,Neutron Star,recommendation_community_001,2
62b38a9c592411185bf5493a,Soaring Heights,recommendation_community_003,1
62b38ad8592411640df54a85,Loving Kindness,recommendation_community_001,43
62b38ae1592411ef33f54b7e,Woodwind Quintet No. 1,recommendation_community_027,1
62b38ae8592411afb6f54c3e,Focus,recommendation_community_002,7
62b38afa592411e3e4f54e25,Assembly,recommendation_community_001,2
62b38aff5924118c53f54ec6,Calming Anxiety,recommendation_community_004,1
62b38b055924111776f54f65,Appreciation,recommendation_community_002,5
62b38bb059241170b5f54fc4,Metta,recommendation_community_003,1
62b38bdc5924110921f54fe4,Alaya,recommendation_community_045,1
62b38bf159241150ecf550b9,Translucense,recommendation_community_003,1
62b38bf859241109b5f5516c,Reconnect,recommendation_community_013,6
62b38c03592411de28f55279,Self Belief,recommendation_community_001,5
62b38c05592411e4edf552b9,Timewarp,recommendation_community_025,1
62b38c0c5924115d9ff55387,Release,recommendation_community_004,42
62b38c1c592411fc82f55524,Walking at Dusk,recommendation_community_007,1
62b38c245924115f20f55621,Compassion,recommendation_community_004,6
62e4174d8aeb53856dab3296,Afterthought,recommendation_community_004,1
62e419f45e954c5d35f68165,Astral Clouds,recommendation_community_002,1
62e41a438aeb53fe8cab38a7,At Rest,recommendation_community_005,1
62e41b3c5e954ce5e2f68358,Blooming,recommendation_community_013,1
62e41c895e954c67d4f6851a,Gentle Slumber,recommendation_community_002,3
62e41dcd5e954c07e0f686ce,Lucid Dreams,recommendation_community_001,2
62e41df05e954c22b7f686f4,Lunaris,recommendation_community_011,1
62e41e908aeb536c28ab3faa,Night's Calm,recommendation_community_005,1
62e41eb65e954ce986f68771,Nocturne,recommendation_community_002,2
62e41ee95e954c0151f68795,Perigee,recommendation_community_010,2
62e41f105e954c951bf687bc,Placidity,recommendation_community_004,2
62e41f335e954c0773f687df,Regolith,recommendation_community_054,1
62e41fa28aeb53873eab4087,Sky Above,recommendation_community_004,2
631227d498e7cb7439303355,Byrd Mass a 3,recommendation_community_033,1
631229b52d3936406e9c0e2a,Missa Pange Lingua,recommendation_community_033,1
633d93eb83f4ffc296a2ba1f,Mompou Pieces for Piano,recommendation_community_033,1
634d5fff8930ed509d84ecb1,Deep Dive,recommendation_community_005,1
63629593a9fdb3b8b83d2b8c,Heliosphere,recommendation_community_002,1
6363dc5989c4d683135ba1f3,Skyfire,recommendation_community_003,1
637e62fbfa040bb2120db849,Diurnality,recommendation_community_020,1
637e638104cbdc2835c8e7c0,Days Long Ago,recommendation_community_009,2
63bc770278cd3e78f07be769,Jurisprudence,recommendation_community_025,1
63bc77649af14d0477d4909a,Le Marais,recommendation_community_046,1
63bc79069af14d20e9d49962,Floating Cities,recommendation_community_006,1
63bc793c78cd3e5ca97bf62d,Lux et Tenebris,recommendation_community_009,1
63bc7b6978cd3ed6517bffae,Burning Plains,recommendation_community_015,1
63f3d934c446aa0e80144907,Black Sands,recommendation_community_019,1
64258e7e25782869fa8b6343,Carousel,recommendation_community_024,1
64258e9225782872628b63ab,Caverns,recommendation_community_029,1
64258ecd7fc6945572ae859e,Campfire,recommendation_community_036,1
64258ee725782876f28b6636,Gondola,recommendation_community_018,1
64258f697fc6945d3bae8814,Remedies,recommendation_community_035,1
643028a523c3be6c553fa627,Aerial Phenomena,recommendation_community_004,1
643029035ee24c2437a05497,Appalachian Trail,recommendation_community_037,1
64302c7c23c3be6b5f3fb916,Numinous,recommendation_community_001,2
64302d0e23c3be8c9c3fbbb9,Seaside Village,recommendation_community_036,1
64302d735ee24cd534a06fc1,Temperate,recommendation_community_007,1
644ad5acee3f746ac1201e80,Simply Precise,recommendation_community_057,1
644ad677ee3f74c17c20251e,Forest of Clouds,recommendation_community_004,1
644ad6baee3f7413962025c3,Low Orbit,recommendation_community_012,1
644ad6db3ecf73778200f885,Dry County,recommendation_community_037,1
646f73d4c393a75a1a73df4d,Singularity,recommendation_community_019,1
646f73e3fd5c847aa3a11cc2,Initiation,recommendation_community_001,2
646f74b4c393a7727673e255,Steady State,recommendation_community_038,1
649460ae2b77acd0a9ae2ade,Evening Lights,recommendation_community_049,1
649461082b77accf90ae2c42,Winding Road,recommendation_community_001,1
64b937e16a2068171efe3960,Moon Garden,recommendation_community_023,1
64b938076a20685f22fe39b4,Picture Window,recommendation_community_004,1
64b93834becc0001242efa9f,Childhood Games,recommendation_community_036,1
64dcff0d177f87b4189c8cd4,Snow Blanket,recommendation_community_017,1
651ddb477f63d37dc515868a,Waiting Game,recommendation_community_027,1
651ddf214489f25ab30da050,Apparitions,recommendation_community_001,2
65316386bab2d63bd119e2c2,Cocoon,recommendation_community_004,1
653163cd87cf8772f52edf23,Tulip Fields,recommendation_community_002,1
65316429bab2d6f7bf19e4be,Flow Motion,recommendation_community_030,1
654aa6c662cef542c78bb0b2,Breathe In,recommendation_community_017,1
654aa7e262cef55d3c8bb506,Grains (Extended Mix),recommendation_community_041,1
654aa7f1698643e308b414e5,Penultimate,recommendation_community_001,1
654aa81769864300acb41534,Seven Sages,recommendation_community_005,1
654aa8a96986434a94b4176f,Walden Pond (Extended Mix),recommendation_community_032,1
655bc787fdfce6d87a7a948c,Spirited Away,recommendation_community_050,2
655bc7affdfce6826a7a94d7,Lost in Space,recommendation_community_006,1
658065a4c08ad59ba5f22bff,Stasis,recommendation_community_002,1
658c8f259a74fb00089d42b0,Muon,recommendation_community_024,1
65a034c56f05fa0008c158af,Dreamcatcher,recommendation_community_008,2
65a0357d6f05fa0008c15ac0,Float,recommendation_community_003,1
65b3fa0dcdef020008e0bf86,Mantra,recommendation_community_041,1
65b3fa3b349c8a0009283e5a,Avalon,recommendation_community_003,1
65b3fa47cdef020008e0c006,Enneagram,recommendation_community_010,2
65b3fab8cdef020008e0c087,Aura Cleansing,recommendation_community_057,1
65b3fb22349c8a00092840a1,Hidden Depths,recommendation_community_004,2
65b3fb80cdef020008e0c2cd,Theoria,recommendation_community_045,1
65c691a411ce62000864c2e4,Constellations Growing,recommendation_community_001,2
65d92034636e0500086cb2b6,Stretch,recommendation_community_023,1
65d9207f636e0500086cb35b,Behold,recommendation_community_004,2
65d920ee636e0500086cb4c7,Gold Coast,recommendation_community_039,1
65eb6b6863853a000a15a7c5,Shanti,recommendation_community_002,2
65eb6ba563853a000a15a99b,Ascension,recommendation_community_002,1
65eb6c1663853a000a15ad9a,Enlightened State,recommendation_community_002,4
65eb6c2d63853a000a15ae48,Generative Waves,recommendation_community_002,4
65fda995cc7d1e000a587510,Abundant Regions,recommendation_community_001,3
65fdaa26cc7d1e000a587b52,Ultraviolets,recommendation_community_049,1
65fdaa4fcc7d1e000a587d9b,The Hunted,recommendation_community_006,1
6610625c88d74c5142fdf04a,Arcade,recommendation_community_016,1
661062a788d74c5142fdf370,Lotus Blossom,recommendation_community_001,1
661062cc88d74c5142fdf4a7,Illuminate,recommendation_community_004,1
6610635488d74c5142fdfa1a,Hallowed,recommendation_community_010,2
6622ce5c918ea2b454f7a394,Achilles,recommendation_community_046,1
6622ceb5918ea2b454f7a561,Sunday Afternoon,recommendation_community_001,2
6622ced7918ea2b454f7a5fb,Call To Rest,recommendation_community_010,1
6622cefb918ea2b454f7a731,Columns of Light,recommendation_community_003,1
6622cf1b918ea2b454f7a8eb,Internal,recommendation_community_005,1
663536024eae15761ad4ff94,Sentiments,recommendation_community_009,1
6635366a4eae15761ad5010a,Intermission,recommendation_community_003,1
663536754eae15761ad50153,Redeemed,recommendation_community_001,1
6635371b4eae15761ad505a3,Celestial Swing,recommendation_community_031,1
664779ae30b208e2323ed4d4,Evening Garden,recommendation_community_036,1
664779cd30b208e2323ed592,Magic Mirror,recommendation_community_018,1
66477a1830b208e2323ed7ca,Turquoise,recommendation_community_004,1
66477a2630b208e2323ed810,Rain Drops,recommendation_community_008,1
66477a3730b208e2323ed894,Silent Embrace,recommendation_community_004,2
66477a4830b208e2323ed8d5,Twin Flame,recommendation_community_001,2
66562c46ff1110852ad244d4,Cultivating Courage,recommendation_community_012,5
66562c63ff1110852ad2453e,Forgiveness and Compassion,recommendation_community_002,5
66562c71ff1110852ad24576,Lake of Serenity,recommendation_community_045,6
66562c7eff1110852ad245c3,The Lighthouse,recommendation_community_052,5
66562c8bff1110852ad24615,Healing Temple,recommendation_community_002,46
66562c99ff1110852ad246a0,Mountain Peak,recommendation_community_004,6
66562cb2ff1110852ad247df,Diaphragmatic Breathing,recommendation_community_002,6
66562cbfff1110852ad24834,478 Breathing,recommendation_community_002,6
66562ccfff1110852ad2486a,Alternate Nostril Breathing,recommendation_community_054,5
66562cdcff1110852ad248a5,Equal Breathing,recommendation_community_059,5
66562ceaff1110852ad248cf,Gratitude and Abundance,recommendation_community_003,5
66562cf8ff1110852ad2492f,Gratitude Reflection,recommendation_community_011,6
66562d04ff1110852ad2498c,Mindful Listening,recommendation_community_001,6
66562d10ff1110852ad249b9,Setting Healthy Boundaries,recommendation_community_048,5
66562d1fff1110852ad24a23,Tea Ceremony,recommendation_community_003,8
66562d2cff1110852ad24a5e,Zen Garden,recommendation_community_003,45
66562d38ff1110852ad24ac0,Inner Silence,recommendation_community_005,44
66562d43ff1110852ad24b1c,Sacred Space,recommendation_community_011,5
66562d50ff1110852ad24b57,Enchanted Forest,recommendation_community_002,5
66562d5cff1110852ad24b98,Thought Observation,recommendation_community_010,5
66562d68ff1110852ad24bd8,Autumnal Trail,recommendation_community_003,1
66562d72ff1110852ad24bfd,Body Scan,recommendation_community_003,1
66562dceff1110852ad24d91,Drifting in the Sky's Embrace,recommendation_community_004,3
66562de8ff1110852ad24e93,Gratitude Breathing,recommendation_community_002,2
66562df5ff1110852ad24ee2,Mindful Breathing,recommendation_community_042,3
66562e00ff1110852ad24f19,Rainy Reprieve,recommendation_community_004,1
66562e36ff1110852ad250ce,Celestial Wonders,recommendation_community_002,1
66562e48ff1110852ad25194,Forest Dream Journey,recommendation_community_002,1
66562e6fff1110852ad25309,Twilight by the Sea,recommendation_community_001,2
665a227e4dfb90cc19dcd9df,Skillful Means,recommendation_community_019,1
665a22e44dfb90cc19dcdc86,Clocks,recommendation_community_011,1
666c9c5d62b2df66d1d11622,Empty Streets,recommendation_community_001,1
666c9c9862b2df66d1d116e7,Eventual Fate,recommendation_community_001,2
666c9cdc62b2df66d1d117aa,Just Peaches,recommendation_community_031,1
666c9d5e2ea307b6e2e44d3e,Fiddle Leaf,recommendation_community_037,1
666c9db262b2df66d1d11a13,Twilight Glimmer,recommendation_community_052,1
666c9dbb62b2df66d1d11a3d,Violets,recommendation_community_002,2
666c9dd9644ac8615d52af45,Cosmic Harmony,recommendation_community_003,1
666c9de6644ac8615d52af6a,Lunar Lullaby,recommendation_community_004,1
666c9df0644ac8615d52af92,Forgotten Realms,recommendation_community_005,2
6683fde4d98e4183c363eaf0,Drift,recommendation_community_002,2
6683fdf0d98e4183c363eb41,Monologue,recommendation_community_038,1
66918b6dde19d0f1c74ea6ce,Before Silence,recommendation_community_003,2
66918b87de19d0f1c74ea754,Clouds,recommendation_community_001,4
66918c08de19d0f1c74ea99e,Happy Places,recommendation_community_029,1
66918c46de19d0f1c74eab72,Existence,recommendation_community_003,2
66918c5dde19d0f1c74eacb8,Absence of Field,recommendation_community_023,1
66918c71de19d0f1c74ead39,Ideas Abound,recommendation_community_001,2
66a3fc880108b74ee995955a,Cresting Waves,recommendation_community_005,1
66a3fcac0108b74ee995962e,Horizon Sunrise,recommendation_community_001,3
66a3fcbe0108b74ee995968c,Blue Wind,recommendation_community_003,1
66a3fceb0108b74ee995972a,Ocean of Fire,recommendation_community_001,3
66a3fd8e0108b74ee9959af0,Light Absorption,recommendation_community_001,3
66a3fdea0108b74ee9959cdd,Mission,recommendation_community_005,1
66a3fe080108b74ee9959da9,Getting the Most,recommendation_community_031,1
66b13c640cedc1c50d90b484,Chameleonic,recommendation_community_029,1
66b662a687e215f954f17b97,Eureka,recommendation_community_048,1
66cc93c247ed87e8383b730a,Amorphous,recommendation_community_005,1
66cc93d847ed87e8383b733e,Cloudscape,recommendation_community_005,1
66cc93e447ed87e8383b7390,Solstice,recommendation_community_003,1
66cc944247ed87e8383b74b9,Somewhere Else,recommendation_community_013,1
66cc949a47ed87e8383b75f7,Mysterious Fire,recommendation_community_001,1
66cc94b547ed87e8383b7660,Melt,recommendation_community_001,5
66df0161edad688793836aa2,Cosmic Dust,recommendation_community_002,2
66df031cedad688793837085,Sunday Matinee,recommendation_community_039,1
66df03b0edad68879383720c,Building Bridges,recommendation_community_004,2
66df03c4edad688793837242,Out in the Open,recommendation_community_003,1
66df03d0edad688793837270,Forgiving Wind,recommendation_community_003,1
66f173b2d7073bdb17918f2b,All Encompassing,recommendation_community_005,2
66f1772bd7073bdb17919679,Midsummer Soulstice,recommendation_community_018,1
66f178429ef5eee4a2c96884,Secrets Revealed,recommendation_community_021,2
66f178fad7073bdb17919b28,Vastness,recommendation_community_013,1
6703e1fea1f0c0804124fa27,Northern Lights,recommendation_community_058,1
6703e2b1a1f0c0804124fb97,Deep Beneath the Earth,recommendation_community_042,1
6703e2c3a1f0c0804124fbdb,Basics,recommendation_community_008,1
6703e2e7a1f0c0804124fc62,Morning Person,recommendation_community_050,1
6703e2f2a1f0c0804124fc9a,Conscious Action,recommendation_community_035,1
6703e35da1f0c0804124feb7,Spirited Solitude,recommendation_community_044,1
6716a13bae8c98e954dc58c9,Unmoved,recommendation_community_002,1
6716a1a5ae8c98e954dc5b37,Prelude,recommendation_community_010,2
6716a1b0ae8c98e954dc5b80,Laid Back,recommendation_community_009,1
6728eb6eebed2a29b0df431f,Clear Water,recommendation_community_034,1
6728eb7febed2a29b0df4395,Waning Moon,recommendation_community_003,1
6728eb88ebed2a29b0df43be,Endless Skies,recommendation_community_001,1
6728eb91ebed2a29b0df43fa,Junction,recommendation_community_016,1
6728ebcea39954546e6e54c9,Paradigm,recommendation_community_002,1
6728ec1ba39954546e6e5581,Swimmingly,recommendation_community_001,1
673b5e1b81e56c199c2a9d42,Winter Movements,recommendation_community_005,2
673b5e3e593072f908bc7765,Springtime Sky,recommendation_community_002,2
673b5e62593072f908bc77f9,Delayed Reaction,recommendation_community_040,1
673b5ef481e56c199c2a9fd8,Reverence,recommendation_community_046,1
674ddf82657c71542c9996e0,Bardo,recommendation_community_054,1
674ddf9a657c71542c99978e,In Solitude,recommendation_community_001,2
674ddfbe657c71542c99984f,Chasm,recommendation_community_002,2
674ddfe1ed827e850ea89a0b,Bloomings,recommendation_community_001,1
674ddff6657c71542c999954,Celebrations,recommendation_community_030,1
674de02d5dec417226950b25,Half Recovered,recommendation_community_040,1
67603f26b9509f31638d2097,Flux,recommendation_community_004,1
67603f564e4445c8c4dba3b7,Remnants,recommendation_community_004,2
67603f6399a8ff2d4a85e9f4,Frostbite,recommendation_community_035,1
6772ffe9d309f299ababaac4,Sun Rings,recommendation_community_048,1
67730000698f763bc2b4591d,Soft Colours,recommendation_community_003,1
67730044698f763bc2b459b1,Weaving Light,recommendation_community_002,1
67855b29f76968728486ab54,Come In Peace,recommendation_community_001,2
67a10f6103677edafb63f3f8,Intinction,recommendation_community_013,1
67a10f7003677edafb63f452,Exhalations,recommendation_community_052,2
67a10fa403677edafb63f607,Clean Sweep,recommendation_community_028,1
67aa5b3eae67ac1cf074e9f9,Beyond the Light,recommendation_community_006,1
67aa5b5755e93dd34369218c,Letting Go,recommendation_community_003,1
67aa5b8055e93dd3436922c6,Cinnamon Sand,recommendation_community_008,1
67aa5b9755e93dd34369237e,Broken Silence,recommendation_community_014,1
67bc87f9dd31a1be17726671,Untouched,recommendation_community_034,1
67bc8814dd31a1be17726712,Shifting Hues,recommendation_community_002,1
67bc892aaebfd9a384a2b602,Through It All,recommendation_community_009,1
67cf0328593aad5348b95bd9,Cashmere,recommendation_community_024,1
67cf0334593aad5348b95c15,Me and My Nine Oh Nine,recommendation_community_008,1
67cf034d593aad5348b95ca7,Thin Rain,recommendation_community_003,3
67cf055b593aad5348b96663,Autofocus,recommendation_community_028,1
67e17d665177e5bfbd17f3cd,Hovering,recommendation_community_001,1
67e17df75177e5bfbd17f7b6,Cell By Cell,recommendation_community_025,2
67e17e115177e5bfbd17f8b1,Uneven Ground,recommendation_community_051,2
6806595c563464c2de5fb054,Movement in Stillness,recommendation_community_005,1
6818d1dac7fc795ec060efc6,Raising Stakes,recommendation_community_022,1
6818d1f3c7fc795ec060f0b9,Ideas Are Brewing,recommendation_community_001,3
682b554dd2f1d1682decf432,Namesake,recommendation_community_009,1
682b56a2d2f1d1682decf945,On Wings,recommendation_community_014,1
683dc6b7dd2246ed9c7c7f49,Allied,recommendation_community_032,1
683dc82d7e70e7db4e0af259,Deep in the Mystic Forest,recommendation_community_019,1
683dc87fdd2246ed9c7c856b,Out of Imagination,recommendation_community_018,2
683dc8ac7e70e7db4e0af427,Purification,recommendation_community_002,2
68505b81f6a8ec8278221529,Gen Alpha,recommendation_community_024,1
68505da5f6a8ec8278221d41,Copper,recommendation_community_008,1
6862eb6bb0ad537cfff5c5b3,Little Elephant,recommendation_community_030,1
6862ee4bda2d247f1a9c715e,An Opening,recommendation_community_056,1
6875503b3b891fead18ab720,Quicksilver,recommendation_community_003,1
6875505a7e95e87bea7297c9,Safe At Last,recommendation_community_003,1
687550d73b891fead18ab9a0,Golden Aura,recommendation_community_004,3
6875510c3b891fead18abaa2,Tight Twist,recommendation_community_034,1
687551173b891fead18abad6,Colored Sulfur,recommendation_community_040,1
6888c7d8b997579cf699b46a,Illusory,recommendation_community_005,2
6888c852b997579cf699b617,Unconversion,recommendation_community_040,1
6888c8d9b997579cf699b785,My House,recommendation_community_028,1
6888c901b997579cf699b844,Signs & Wonders,recommendation_community_022,1
689a2298cc7f78cc36b7b950,Imperceivable Waves,recommendation_community_002,2
689a22a59446c76349a3b333,Back in the Saddle,recommendation_community_028,1
689a22b89446c76349a3b39b,Cataclysm,recommendation_community_020,1
689a22f6cc7f78cc36b7bab5,Ratified,recommendation_community_026,1
689a232f9446c76349a3b590,Almeda,recommendation_community_005,2
68aca3f4870c986ca59c0589,Slow Shake,recommendation_community_043,1
68aca474870c986ca59c0811,Asana,recommendation_community_042,1
68aca481870c986ca59c084b,Sphere of Sensation,recommendation_community_001,1
68aca4cd605d1de9ea68bcce,Jibber Jabber,recommendation_community_038,1
68bf239295e372361f91f115,Eyes Closed,recommendation_community_037,1
68bf23dc95e372361f91f25f,Good Tidings,recommendation_community_002,1
68bf249095e372361f91f5af,A Lazy Wiggle,recommendation_community_049,1
68d1775cd9158d8853b16d27,Ignition,recommendation_community_008,1
68d17877a2277468b10cd55c,Undercurrents,recommendation_community_002,2
68d1792ea2277468b10cd798,Between Dimensions,recommendation_community_001,2
68d17990d9158d8853b174de,Night Light,recommendation_community_023,2
68e3d6e6c1aa1a1dfaaec8a4,Imprinted,recommendation_community_009,1
68e3d6f52d873930bbbf79bc,Whatever's Next,recommendation_community_037,1
68e3d7042d873930bbbf7a0e,Alone At Last,recommendation_community_044,1
68e3d76dc1aa1a1dfaaeca62,Dial Tone,recommendation_community_016,1
68e3d79c2d873930bbbf7cc5,The Perfect Beach,recommendation_community_039,1
68e3d7a72d873930bbbf7d0c,Kusadasi,recommendation_community_002,2
68eeaaa84cf2f80579e27832,Hard Scheduled,recommendation_community_034,1
68f663fac7a40a338f845911,Resurgence,recommendation_community_003,1
68f6646de8a4cc0a7401bd6c,Beauty in Gloom,recommendation_community_038,1
68f6647ee8a4cc0a7401bdcc,The Earth Underwater,recommendation_community_005,1
68f66492c7a40a338f845b83,Saving Grace,recommendation_community_001,2
68f664ace8a4cc0a7401beb2,Descending Spirit,recommendation_community_003,1
68f66562c7a40a338f845ff0,Antiquarian,recommendation_community_027,1
6909188026bc41a99c8632b2,Homestar,recommendation_community_001,2
690918a2312eb1fe04659013,What You're Looking For,recommendation_community_032,1
6909196e26bc41a99c8636a3,Speed of Light,recommendation_community_004,1
69091a0026bc41a99c863937,Fool's Joy,recommendation_community_038,1
691b3b52331c372ce8748026,Mechanism,recommendation_community_002,1
691b3c16a1c962ea641efbeb,Immeasurable,recommendation_community_033,1
691b3cfaa1c962ea641efff1,Humidor,recommendation_community_047,1
691b3d42a1c962ea641f0117,Golden Hues,recommendation_community_004,1
692dbce066ea27cd5c91128a,End of a Cycle,recommendation_community_001,1
692dbd90b8f361da92eb9e5c,1446,recommendation_community_040,1
692dbddb66ea27cd5c9116dd,Zori,recommendation_community_039,1
692dbeb866ea27cd5c911b7b,A New Rulebook,recommendation_community_015,1
692dbed6b8f361da92eba447,Autumn Silence,recommendation_community_003,2
69405992913e2d2bff955913,Living Water,recommendation_community_036,1
694059aa76a1c1f80ff93945,Moss Beach,recommendation_community_006,1
694059e076a1c1f80ff93a7f,End in Sight,recommendation_community_003,1
694059fd913e2d2bff955a86,Channeling,recommendation_community_001,1
69405a4576a1c1f80ff93c23,Stellar Portal,recommendation_community_005,1
69405aad76a1c1f80ff93ed5,Stunning Beauty,recommendation_community_003,1
6952f3379e729f65562d1043,Fractal Growth,recommendation_community_056,1
6952f3809e729f65562d11a1,Cut & Copy,recommendation_community_026,1
6952f3aab1c39edafb0debef,From The Inside,recommendation_community_025,1
6952f3c89e729f65562d12d1,Back Pocket,recommendation_community_043,1
6952f3d7b1c39edafb0dec6d,Quiet Solitude,recommendation_community_042,1
69655a1f8afa49f5711b8e99,Askew,recommendation_community_008,1
69655a92212c8d55194ee7e7,Galene,recommendation_community_005,1
69655b00212c8d55194eea54,Laws of Nature,recommendation_community_015,1
69655b568afa49f5711b9406,In Stride,recommendation_community_051,1
6977b58d597917b519504b55,Neptune Diamonds,recommendation_community_012,1
6977b5b4236f65de4c7e303b,Paw Prints,recommendation_community_051,1
698a15198a4a8f35be58337b,Clean Slate,recommendation_community_001,3
698a15808a4a8f35be58376a,Flower Food,recommendation_community_050,1
698a15bf8a4a8f35be583ad1,Lapsed,recommendation_community_017,1
699cad4f9033fe9e7ccfa786,Cosmic Catharsis,recommendation_community_011,1
699cad699033fe9e7ccfa85f,Rose Gold,recommendation_community_031,1
699caf719033fe9e7ccfb884,Reasonable Dust,recommendation_community_026,1
69aee17a73bfe2099d5172c4,Spraypaint Logo,recommendation_community_041,1
69aee22573bfe2099d5177f9,A Separation,recommendation_community_020,1
69aee2b673bfe2099d517b1e,Infinite Suspension,recommendation_community_004,2
69c2bbd01b6ecfe6c4a719e0,Systems Coming To Life,recommendation_community_006,1
69c2bd031b6ecfe6c4a723c1,Quarter Century,recommendation_community_039,1
69d026449b9914998a32cb87,Overlaps,recommendation_community_012,1
69d0266e9b9914998a32cd7b,Live Again,recommendation_community_035,1
69d028059b9914998a32dac5,Unbound,recommendation_community_051,1
69e684f5dce2120639c6e024,True Freedom,recommendation_community_001,1
69e68517dce2120639c6e12d,Somaticize,recommendation_community_008,1
69e68533dce2120639c6e20f,Arriving On Time,recommendation_community_002,1
69e6861ddce2120639c6e996,Who Knows Me Like You,recommendation_community_050,1
69e686bbdce2120639c6ef42,Espalier,recommendation_community_044,1
69f8b8881c706aff1baf0b54,The Eternal Day,recommendation_community_003,1
69f8b8bb1c706aff1baf0d83,Into The Halls Of Dance,recommendation_community_026,1
69f8b9231c706aff1baf1176,As Things Truly Are,recommendation_community_005,1
6a0b8b43e6017bccd74b7cb1,Vue Plongeante,recommendation_community_021,1
6a0b8bb3e6017bccd74b8216,Likely Friendship,recommendation_community_049,1
6a0b8bd1e6017bccd74b8395,Unwound Springs,recommendation_community_020,1
6a0b8beae6017bccd74b846f,Lumen Lands,recommendation_community_002,2
6a1dca56b7f8597b46123760,Fallout,recommendation_community_005,1
6a1dcaafb7f8597b46123b32,Sea Oddity,recommendation_community_003,1
6a1dcad2b7f8597b46123c08,Skip Rocks,recommendation_community_030,1
6a1dcb98b7f8597b461242af,Dustlight,recommendation_community_029,1
6a3014e37a8f5056573c7ce7,Tomorrow Today,recommendation_community_043,1
6a3017fd7a8f5056573c9544,Contentment,recommendation_community_004,2
6a4281c578a0a113b2ff3d43,Between Dreams,recommendation_community_003,1
6a4bb6b54518fc4e1e406191,Marchioness,recommendation_community_027,1
6a54f61a6ff4d00262502495,Bifocals,recommendation_community_050,6
6a54f62e6ff4d002625024ee,Tokyo Hotel,recommendation_community_024,5
6a54f63e6ff4d00262502546,Melty,recommendation_community_038,5
6a54f6536ff4d002625025c7,4 Track Mind,recommendation_community_051,5
6a54f6636ff4d0026250261f,Smoke On The Horizon,recommendation_community_056,6
6a54f6706ff4d00262502665,Tangerine Dreams,recommendation_community_001,6
6a54f67e6ff4d00262502701,Knowing Glance,recommendation_community_036,5
6a54f6916ff4d0026250278b,Break That Beat,recommendation_community_008,5
6a54f6a06ff4d00262502805,A Temporary Pause,recommendation_community_040,5
6a54f6ac6ff4d00262502888,Story Mode,recommendation_community_028,5
6a5e3818211a9ca21a152110,Amber Rosin,recommendation_community_043,5
6a5e3830211a9ca21a1521c0,Footswitch,recommendation_community_017,5
6a5e384e211a9ca21a1522a4,The Whole Point,recommendation_community_032,5
6a5e3861211a9ca21a152326,Kaleidoscopic Clouds,recommendation_community_044,5
6a5e3872211a9ca21a1523c9,Tunnels of Thought,recommendation_community_025,5
6a5e388b211a9ca21a15243d,Glass Doors,recommendation_community_013,6
6a5e38a0211a9ca21a1524f1,Simple Symbols,recommendation_community_039,5
6a5e38ba211a9ca21a1525c3,Heiress,recommendation_community_027,5
6a5e38ca211a9ca21a152635,Living On,recommendation_community_046,5
6a5e38d9211a9ca21a1526b7,Digging Deeper,recommendation_community_009,5
6a676f27ce874cce1fe5069b,In Walked Spring,recommendation_community_031,6
6a676f49ce874cce1fe50774,Deep Dub Dive,recommendation_community_034,5
6a676f5cce874cce1fe5084a,Deep Dream State,recommendation_community_001,6
6a676f8bce874cce1fe5099f,Sakuma Drops,recommendation_community_022,5
6a676f98ce874cce1fe50a21,Infinity Signs,recommendation_community_018,5
6a676fa7ce874cce1fe50ad4,Above All Else,recommendation_community_014,5
6a676fb9ce874cce1fe50b75,Major Strokes,recommendation_community_049,5
6a676fcdce874cce1fe50c5b,On Shadowed Waters,recommendation_community_021,5
6a676fdfce874cce1fe50ce8,A Thousand Leagues,recommendation_community_033,5
6a676ffece874cce1fe50dfb,Gentle Pour,recommendation_community_007,5
6a70add5eb67a31ba5ceda85,Universal Good,recommendation_community_008,5
6a70ade5eb67a31ba5cedb09,Mythos,recommendation_community_006,5
6a70adf6eb67a31ba5cedb90,Possibility Field,recommendation_community_026,5
6a70ae0aeb67a31ba5cedc32,Thorough Analysis,recommendation_community_058,5
6a70ae19eb67a31ba5cedcb5,Fuzzy Feelings,recommendation_community_041,5
6a70ae73eb67a31ba5cedf6e,Foraging Arnica,recommendation_community_016,5
6a70ae7feb67a31ba5cedfc1,Augustus Follows,recommendation_community_020,5
6a70ae94eb67a31ba5cee0a8,Ansible,recommendation_community_006,5
6a70aea6eb67a31ba5cee13c,Waters Converge,recommendation_community_007,6
6a70c074eb67a31ba5cf5ccc,Garden of Bliss,recommendation_community_019,5
6a79e5fe551a8459629c5d44,At Sea,recommendation_community_012,5
6a79e623551a8459629c5e73,Where The Wind Blows,recommendation_community_009,6
6a79e637551a8459629c5f39,Wooden Eyes,recommendation_community_035,5
6a79e65c551a8459629c60a6,Movement In Space,recommendation_community_029,5
6a79e66d551a8459629c616f,Glass Imaging,recommendation_community_037,5
6a79e67e551a8459629c61ce,Finding Light Again,recommendation_community_030,5
6a79e6a7551a8459629c6297,Alterion,recommendation_community_001,8
6a79e6b7551a8459629c635e,The Arc Of Time,recommendation_community_015,5
6a79e6fc551a8459629c65b4,Machine Turns,recommendation_community_023,5
6a79e712551a8459629c6647,Treasure Trove,recommendation_community_047,5
